id,name,location
shelter_partner_1a,Luna,A1
shelter_partner_2a,Oliver,A2
shelter_partner_3a,Bella,A3
shelter_partner_4a,Milo,A4
shelter_partner_5a,Chloe,A5
shelter_partner_6a,Leo,A6
shelter_partner_7a,Lily,A7
shelter_partner_8a,Jasper,A8
shelter_partner_9a,Daisy,A9
shelter_partner_10,Felix,A10
shelter_partner_11,Nala,A11
shelter_partner_12,Simba,A12
shelter_partner_13,Sophie,A13
shelter_partner_14,Charlie,A14
shelter_partner_15,Willow,A15
shelter_partner_16,Oscar,A16
shelter_partner_17,Stella,A17
shelter_partner_18,Loki,A18
shelter_partner_19,Cleo,A19
shelter_partner_20,Toby,A20
shelter_partner_21,Zoe,B1
shelter_partner_22,Max,B2
shelter_partner_23,Ruby,B3
shelter_partner_24,Pepper,B4
shelter_partner_25,Finn,B5
shelter_partner_26,Mia,B6
shelter_partner_27,Gizmo,B7
shelter_partner_28,Shadow,B8
shelter_partner_29,Coco,B9
shelter_partner_30,Salem,B10
shelter_partner_31,Callie,B11
shelter_partner_32,George,B12
shelter_partner_33,Ivy,B13
shelter_partner_34,Hazel,B14
shelter_partner_35,Henry,B15
shelter_partner_36,Poppy,B16
shelter_partner_37,Olive,B17
shelter_partner_38,Archie,B18
shelter_partner_39,Saffron,B19
shelter_partner_40,Sebastian,B20
shelter_partner_41,Tigger,C1
shelter_partner_42,Binx,C2
shelter_partner_43,Aurora,C3
shelter_partner_44,Dexter,C4
shelter_partner_45,Esme,C5
shelter_partner_46,Grace,C6
shelter_partner_47,Hugo,C7
shelter_partner_48,Jasmine,C8
shelter_partner_49,Kiki,C9
shelter_partner_50,Louie,C10
shelter_partner_51,Maple,C11
shelter_partner_52,Nico,C12
shelter_partner_53,Pearl,C13
shelter_partner_54,Quincy,C14
shelter_partner_55,Rosie,C15
shelter_partner_56,Uma,C16
shelter_partner_57,Violet,C17
shelter_partner_58,Winston,C18
shelter_partner_59,Xena,C19
shelter_partner_60,Yara,C20
shelter_partner_61,Ziggy,D1
shelter_partner_62,Apollo,D2
shelter_partner_63,Bianca,D3
shelter_partner_64,Casper,D4
shelter_partner_65,Daphne,D5
shelter_partner_66,Elliot,D6
shelter_partner_67,Freya,D7
shelter_partner_68,Gatsby,D8
shelter_partner_69,Holly,D9
shelter_partner_70,Indigo,D10
shelter_partner_71,Juno,D11
shelter_partner_72,Kai,D12
shelter_partner_73,Lyra,D13
shelter_partner_74,Marley,D14
shelter_partner_75,Nova,D15
shelter_partner_76,Onyx,D16
shelter_partner_77,Piper,D17
shelter_partner_78,Remy,D18
shelter_partner_79,Sienna,D19
shelter_partner_80,Theo,D20
shelter_partner_81,Wyatt,E1
shelter_partner_82,Xander,E2
shelter_partner_83,Yuki,E3
shelter_partner_84,Zane,E4
shelter_partner_85,Aspen,E5
shelter_partner_86,Bruno,E6
shelter_partner_87,Cora,E7
shelter_partner_88,Diesel,E8
shelter_partner_89,Ember,E9
shelter_partner_90,Finnick,E10
shelter_partner_91,Greta,E11
shelter_partner_92,Isla,E12
shelter_partner_93,Jax,E13
shelter_partner_94,Koda,E14
shelter_partner_95,Mabel,E15
shelter_partner_96,Neo,E16
shelter_partner_97,Opal,E17
shelter_partner_98,Phoenix,E18
shelter_partner_99,Quinn,E19
shelter_partner_100,Riley,E20
shelter_partner_101,Sage,F1
shelter_partner_102,Titan,F2
shelter_partner_103,Ursula,F3
shelter_partner_104,Vega,F4
shelter_partner_105,Wren,F5
shelter_partner_106,Ximena,F6
shelter_partner_107,Yoshi,F7
shelter_partner_108,Zara,F8
shelter_partner_109,Bree,F9
shelter_partner_110,Cosmo,F10
shelter_partner_111,Delta,F11
shelter_partner_112,Ezra,F12
shelter_partner_113,Flora,F13
shelter_partner_114,Griffin,F14
shelter_partner_115,Ivan,F15
shelter_partner_116,Juniper,F16
shelter_partner_117,Kira,F17
shelter_partner_118,Mila,F18
shelter_partner_119,Niko,F19
shelter_partner_120,Orion,F20
shelter_partner_121,Silas,G1
shelter_partner_122,Tessa,G2
shelter_partner_123,Ulysses,G3
shelter_partner_124,Vienna,G4
shelter_partner_125,Walter,G5
shelter_partner_126,Xyla,G6
shelter_partner_127,Yvette,G7
shelter_partner_128,Zorro,G8
shelter_partner_129,Ace,G9
shelter_partner_130,Belle,G10
shelter_partner_131,Dolly,G11
shelter_partner_132,Enzo,G12
shelter_partner_133,Fiona,G13
shelter_partner_134,Gus,G14
shelter_partner_135,Heidi,G15
shelter_partner_136,Ike,G16
shelter_partner_137,Josie,G17
shelter_partner_138,Kobe,G18
shelter_partner_139,Otis,G19
shelter_partner_140,Penny,G20
shelter_partner_141,Sassy,H1
shelter_partner_142,Thor,H2
shelter_partner_143,Vicky,H3
shelter_partner_144,Woody,H4
shelter_partner_145,Zeke,H5
shelter_partner_146,Amber,H6
shelter_partner_147,Baxter,H7
shelter_partner_148,Duke,H8
shelter_partner_149,Elsa,H9
shelter_partner_150,Gracie,H10
shelter_partner_151,Harley,H11
shelter_partner_152,Kenzie,H12
shelter_partner_153,Maisie,H13
shelter_partner_154,Noah,H14
shelter_partner_155,Pumpkin,H15
shelter_partner_156,Teddy,H16
shelter_partner_157,Zoey,H17
shelter_partner_158,Bailey,H18
shelter_partner_159,Misty,H19
shelter_partner_160,Suki,H20
shelter_partner_161,Tasha,I1
shelter_partner_162,Remi,I2
shelter_partner_163,Pippa,I3
shelter_partner_164,Rocco,I4
shelter_partner_165,Lulu,I5
shelter_partner_166,Sable,I6
shelter_partner_167,Neko,I7
shelter_partner_168,Pixel,I8
shelter_partner_169,Merlin,I9
shelter_partner_170,Opie,I10
shelter_partner_171,Buttercup,I11
shelter_partner_172,Noodle,I12
shelter_partner_173,Buttons,I13
shelter_partner_174,Snickers,I14
shelter_partner_175,Muffin,I15
shelter_partner_176,Tinker,I16
shelter_partner_177,Tansy,I17
shelter_partner_178,Mocha,I18
shelter_partner_179,Patches,I19
shelter_partner_180,Luna Blue,I20
shelter_partner_181,Miso,J1
shelter_partner_182,Kahlua,J2
shelter_partner_183,Biscuit,J3
shelter_partner_184,Oreo,J4
shelter_partner_185,Tofu,J5
shelter_partner_186,S'mores,J6
shelter_partner_187,Tango,J7
shelter_partner_188,Zephyr,J8
shelter_partner_189,Biscotti,J9
shelter_partner_190,Latte,J10
shelter_partner_191,Peanut,J11
shelter_partner_192,Waffles,J12
shelter_partner_193,Bagel,J13
shelter_partner_194,Cinnamon,J14
shelter_partner_195,Pudding,J15
shelter_partner_196,Marshmallow,J16
shelter_partner_197,Espresso,J17
shelter_partner_198,Nugget,J18
shelter_partner_199,Truffle,J19
shelter_partner_200,Caramel,J20
